M;M;M;M;M;M;M;M;M;M;M;M;M;M;M;M;M;M;M;M;M;M;M;M;M;M;M;M;M;M;M
M;M;M;M;M;M;M;M;M;M;M;M;M;M;M;M;M;M;M;M;M;M;M;M;M;M;M;M;M;M;M
M;M;M;M;M;M;M;M;M;M;M;M;M;M;M;M;M;M;M;M;M;M;M;M;M;M;M;M;M;M;M
M;M;M;M;M;M;M;M;M;M;M;M;M;M;M;M;M;M;M;M;M;M;M;M;M;M;M;M;M;M;M
M;M;M;M;M;M;M;M;M;M;M;M;M;M;M;M;M;M;M;M;M;M;M;M;M;M;M;M;M;M;M
M;M;M;M;M;M;M;M;M;M;M;M;M;M;M;M;M;5;5;M;I;M;M;M;M;M;M;M;M;M;M
M;M;M;M;M;M;M;M;M;M;M;M;M;M;M;//;//;<;5;e;<;//;M;M;M;M;M;M;M;M;M
M;M;M;M;M;M;M;M;M;M;M;M;M;M;5;5;e;<;/;e; ;/;<;M;M;M;M;M;M;M;M
M;M;M;M;M;M;M;M;M;M;M;M;M;M;//;/;/;/; ;/; ; ; ;<;e;e;M;M;M;M;M
M;M;M;M;M;M;M;M;M;M;M;M;M;5;<;/;/;/; ; ; ; ; ;/;I;I;M;M;M;M;M
M;M;M;M;M;M;M;M;M;M;M;M;5;e;<;/;/; ; ; ; ;/;//;/;M;5;M;M;M;M;M
M;M;M;M;M;M;M;M;M;M;M;M;5;//;<;<;/;/;/;/;/;<;I;<;/;//;M;I;M;M;M
M;M;M;M;M;M;<;5;//;M;M;M;5;//;//;//;//;<;/;/;/;/;//;<;<;/;/;M;M;M;M
M;M;M;M;M;M;<;<;<;e;M;M;e;//;5;I;5;M;<;/; ; ; ;<;<;5;<;<;//;M;M
M;M;M;M;M;5;//;<;//;e;M;I;e;e;5;e;5;5;M;M;/; ; ;/;<;/;/;//;e;M;M
M;M;M;M;M;//;<;<;<;e;M;5;//;//;<;//;<;<;/;<;M;/; ; ;/;/;<;e;5;M;M
M;M;M;M;M;//;/;<;<;I;M;5;//;<;/;<;e;M;M;I;/;<;/;/;//;/;<;//;5;M;M
M;M;M;M;M;//;M;<;<;M;M;e;e;<;/;/;<;/;/;5;<;//;/;//;M;M;M;M;M;M;M
M;M;M;M;M;I;//;<;//;M;I;e;//;/;/;/;/;<;<;<;I;I;//;M;e;e;//;e;M;M;M
M;M;M;M;M;M;<;/;I;M;I;5;<;/;/;<;<;<;<;//;//;e;<;M;//;5;M;I;M;M;M
M;M;M;M;M;M;M;M;M;M;5;//;<;/;/;/;/;/;/;e;<;//;<;M;<;//;e;M;M;M;M
M;M;M;M;M;M;I;I;M;M;e;//;<;<;/;/;/;/; ;e;I;e;/;M;e;//;e;5;M;M;M
M;M;M;M;M;M;e;I;M;5;//;//;//;<;<;/;/; ;<;//;<;/;/;I;<;//;e;M;M;M;M
M;M;M;M;M;M;I;M;M;e;<;e;//;//;<;<;<;<;I;e;5;/;<;//;<;5;5;M;M;M;M
M;M;M;M;M;M;I;I;M;//;<;//;<;<;<;<;<;e;5;//;5;I;M;//;//;I;I;M;M;M;M
M;M;M;M;M;M;5;5;M;//;<;//;e;<;<;<;<;5;//;//;//;I;I;e;5;M;M;M;M;M;M
M;M;M;M;M;5;e;e;M;e;//;//;e;<;//;<;<;I;I;M;//;5;M;5;M;M;I;M;M;M;M
M;M;M;M;I;//;//;e;M;5;//;e;//;//;//;//;M;5;<;/;//;M;M;M;M;M;M;M;M;M;M
M;M;M;M;5;<;//;e;M;I;//;e;5;<;//;I;//;I;I;I;M;5;M;M;M;M;M;M;M;M;M
M;M;M;M;//;<;<;//;M;M;I;I;e;e;//;<;M;I;M;M;M;M;M;M;M;M;M;M;M;M;M
M;M;M;e;//;/;<;e;I;M;M;I;I;//;<;/;M;M;5;I;M;M;M;M;M;M;M;M;M;M;M
M;M;M;e;<;<;<;//;5;M;M;M;M;e;/;<;/;e;e;<;/;<;5;M;M;M;M;M;M;M;M
M;M;M;//;<;/;<;//;//;5;M;M;M;I;//;/;M;M;M;M;M;I;M;M;M;M;M;M;M;M;M
M;M;M;/;<;/;<;//;//;e;e;M;M;M;5;//;M;M;M;I;I;M;M;M;M;M;M;M;M;M;M
M;M;M;<;<;/;<;//;//;e;//;I;M;M;M;M;I;<;/;/;I;M;M;M;M;M;M;M;M;M;M
M;M;M;//;<;//;//;e;5;5;//;e;5;M;M;M;e;/;/;/;/;/;M;M;M;M;M;M;M;M;M
M;M;I;<;//;e;e;//;M;M;5;I;M;M;M;M;5;<;/;/;/;/;M;M;M;M;M;M;M;M;M
M;M;M;e;e;e;e;I;I;I;M;M;M;M;M;M;M;/; ; ;/;I;M;M;M;M;M;M;M;M;M
M;M;M;I;I;I;5;I;I;M;M;M;M;M;M;M;M;5;/;//;/;M;M;M;M;M;M;M;M;M;M
M;M;M;M;M;M;M;M;M;M;M;M;M;M;M;M;M;M;//;I;M;M;M;M;M;M;M;M;M;M;M
